,제목,링크
0,전세사기 개인회생 신청알아보고 잇어요,https://kin.naver.com/qna/detail.naver?d1id=6&dirId=60203&docId=472283354&qb=7KCE7IS47IKs6riw&enc=utf8§ion=kin.qna_ency&rank=1&search_sort=0&spq=0
1,세종전세사기 피해자인데요ㅠ,https://kin.naver.com/qna/detail.naver?d1id=6&dirId=60221&docId=459383821&qb=7KCE7IS47IKs6riw&enc=utf8§ion=kin.qna_ency&rank=2&search_sort=0&spq=0
2,전세사기 민사소송,https://kin.naver.com/qna/detail.naver?d1id=6&dirId=60221&docId=474817179&qb=7KCE7IS47IKs6riw&enc=utf8§ion=kin.qna_ency&rank=3&search_sort=0&spq=0
3,전세사기 개인회생 대처방안 있을까요,https://kin.naver.com/qna/detail.naver?d1id=6&dirId=60203&docId=467438873&qb=7KCE7IS47IKs6riw&enc=utf8§ion=kin.qna_ency&rank=4&search_sort=0&spq=0
4,수원전세사기변호사 선임 가능할까요,https://kin.naver.com/qna/detail.naver?d1id=6&dirId=60206&docId=458168484&qb=7KCE7IS47IKs6riw&enc=utf8§ion=kin.qna_ency&rank=5&search_sort=0&spq=0
5,오피스텔전세사기 민사소송 진행해야... ,https://kin.naver.com/qna/detail.naver?d1id=6&dirId=60221&docId=462896564&qb=7KCE7IS47IKs6riw&enc=utf8§ion=kin.qna_ency&rank=6&search_sort=0&spq=0
6,전세사기 가해자,https://kin.naver.com/qna/detail.naver?d1id=6&dirId=60203&docId=475028213&qb=7KCE7IS47IKs6riw&enc=utf8§ion=kin.qna_ency&rank=7&search_sort=0&spq=0
7,전세사기 임차권등기신청 가능일자는... ,https://kin.naver.com/qna/detail.naver?d1id=6&dirId=60223&docId=476142501&qb=7KCE7IS47IKs6riw&enc=utf8§ion=kin.qna_ency&rank=8&search_sort=0&spq=0
8,수원전세사기변호사와 경찰서 같이 가고... ,https://kin.naver.com/qna/detail.naver?d1id=6&dirId=60206&docId=454070699&qb=7KCE7IS47IKs6riw&enc=utf8§ion=kin.qna_ency&rank=9&search_sort=0&spq=0
9,인천전세사기변호사 상담 받고 싶어요,https://kin.naver.com/qna/detail.naver?d1id=6&dirId=602060402&docId=457657437&qb=7KCE7IS47IKs6riw&enc=utf8§ion=kin.qna_ency&rank=10&search_sort=0&spq=0
10,대구전세사기 당했습니다..,https://kin.naver.com/qna/detail.naver?d1id=6&dirId=60211&docId=468085229&qb=7KCE7IS47IKs6riw&enc=utf8§ion=kin.qna_ency&rank=11&search_sort=0&spq=0
11,대전전세사기변호사 선임해야 할 것... ,https://kin.naver.com/qna/detail.naver?d1id=6&dirId=60221&docId=459088683&qb=7KCE7IS47IKs6riw&enc=utf8§ion=kin.qna_ency&rank=12&search_sort=0&spq=0
12,구미사기변호사 전세문제 도와주세요.,https://kin.naver.com/qna/detail.naver?d1id=6&dirId=60211&docId=469880730&qb=7KCE7IS47IKs6riw&enc=utf8§ion=kin.qna_ency&rank=13&search_sort=0&spq=0
13,전세사기특별법 관련 저같은 경우는... ,https://kin.naver.com/qna/detail.naver?d1id=6&dirId=60202&docId=474356581&qb=7KCE7IS47IKs6riw&enc=utf8§ion=kin.qna_ency&rank=14&search_sort=0&spq=0
14,부동산 전세계약 사기와 관련된 상담,https://kin.naver.com/qna/detail.naver?d1id=6&dirId=60215&docId=476314286&qb=7KCE7IS47IKs6riw&enc=utf8§ion=kin.qna_ency&rank=15&search_sort=0&spq=0
15,전세사기 처벌 피하고 싶은데 도움... ,https://kin.naver.com/qna/detail.naver?d1id=6&dirId=60202&docId=468266791&qb=7KCE7IS47IKs6riw&enc=utf8§ion=kin.qna_ency&rank=16&search_sort=0&spq=0
16,상담이 필요해요. 전세사기 고소 당했습니다,https://kin.naver.com/qna/detail.naver?d1id=6&dirId=602060402&docId=473215111&qb=7KCE7IS47IKs6riw&enc=utf8§ion=kin.qna_ency&rank=17&search_sort=0&spq=0
17,외대 전세 사기 피해자 가족입니다.,https://kin.naver.com/qna/detail.naver?d1id=6&dirId=60202&docId=475815240&qb=7KCE7IS47IKs6riw&enc=utf8§ion=kin.qna_ency&rank=18&search_sort=0&spq=0
18,전세사기 이후 부동산중개수수료 환불을... ,https://kin.naver.com/qna/detail.naver?d1id=6&dirId=60212&docId=474939500&qb=7KCE7IS47IKs6riw&enc=utf8§ion=kin.qna_ency&rank=19&search_sort=0&spq=0
19,경기광주개인회생 전세사기를... ,https://kin.naver.com/qna/detail.naver?d1id=6&dirId=60203&docId=462083328&qb=7KCE7IS47IKs6riw&enc=utf8§ion=kin.qna_ency&rank=20&search_sort=0&spq=0
20,전세사기 경매,https://kin.naver.com/qna/detail.naver?d1id=6&dirId=60203&docId=475162261&qb=7KCE7IS47IKs6riw&enc=utf8§ion=kin.qna_ency&rank=21&search_sort=0&spq=0
21,필요하면 선임해보려는데 서울전세사기... ,https://kin.naver.com/qna/detail.naver?d1id=6&dirId=60202&docId=474811099&qb=7KCE7IS47IKs6riw&enc=utf8§ion=kin.qna_ency&rank=22&search_sort=0&spq=0
22,전세사기 개인회생 질문,https://kin.naver.com/qna/detail.naver?d1id=4&dirId=40106&docId=464743867&qb=7KCE7IS47IKs6riw&enc=utf8§ion=kin.qna_ency&rank=23&search_sort=0&spq=0
23,전세사기 임차권등기명령 해야하나요?,https://kin.naver.com/qna/detail.naver?d1id=6&dirId=60202&docId=474975628&qb=7KCE7IS47IKs6riw&enc=utf8§ion=kin.qna_ency&rank=24&search_sort=0&spq=0
24,100% 전세 계약 전 집주인 변경 전세사기,https://kin.naver.com/qna/detail.naver?d1id=4&dirId=4020201&docId=470606298&qb=7KCE7IS47IKs6riw&enc=utf8§ion=kin.qna_ency&rank=25&search_sort=0&spq=0
25,전세사기 개인회생시 질문,https://kin.naver.com/qna/detail.naver?d1id=6&dirId=60203&docId=475287298&qb=7KCE7IS47IKs6riw&enc=utf8§ion=kin.qna_ency&rank=26&search_sort=0&spq=0
26,의정부부동산전문변호사 전세사기 해결... ,https://kin.naver.com/qna/detail.naver?d1id=6&dirId=60206&docId=474285370&qb=7KCE7IS47IKs6riw&enc=utf8§ion=kin.qna_ency&rank=27&search_sort=0&spq=0
27,의정부 전세사기 변호사 상담 가보신분... ,https://kin.naver.com/qna/detail.naver?d1id=6&dirId=60206&docId=474286231&qb=7KCE7IS47IKs6riw&enc=utf8§ion=kin.qna_ency&rank=28&search_sort=0&spq=0
28,용인 전세사기 피해 상담 필요합니다.,https://kin.naver.com/qna/detail.naver?d1id=6&dirId=60206&docId=467229080&qb=7KCE7IS47IKs6riw&enc=utf8§ion=kin.qna_ency&rank=29&search_sort=0&spq=0
29,서울전세사기변호사님 전세사기를... ,https://kin.naver.com/qna/detail.naver?d1id=6&dirId=60206&docId=468930828&qb=7KCE7IS47IKs6riw&enc=utf8§ion=kin.qna_ency&rank=30&search_sort=0&spq=0
30,성남사기변호사님 부동산전세사기... ,https://kin.naver.com/qna/detail.naver?d1id=6&dirId=60211&docId=451132657&qb=7KCE7IS47IKs6riw&enc=utf8§ion=kin.qna_ency&rank=31&search_sort=0&spq=0
31,전세사기 몰수보전,https://kin.naver.com/qna/detail.naver?d1id=6&dirId=60223&docId=475795117&qb=7KCE7IS47IKs6riw&enc=utf8§ion=kin.qna_ency&rank=32&search_sort=0&spq=0
32,전세사기에 해당되는지 문의드려요,https://kin.naver.com/qna/detail.naver?d1id=6&dirId=60202&docId=474806734&qb=7KCE7IS47IKs6riw&enc=utf8§ion=kin.qna_ency&rank=33&search_sort=0&spq=0
33,전세사기 경매,https://kin.naver.com/qna/detail.naver?d1id=6&dirId=60211&docId=474979734&qb=7KCE7IS47IKs6riw&enc=utf8§ion=kin.qna_ency&rank=34&search_sort=0&spq=0
34,수성구개인회생 전세사기 피해자입니다,https://kin.naver.com/qna/detail.naver?d1id=6&dirId=60203&docId=461160010&qb=7KCE7IS47IKs6riw&enc=utf8§ion=kin.qna_ency&rank=35&search_sort=0&spq=0
35,급하게 부산전세사기변호사 알아보는... ,https://kin.naver.com/qna/detail.naver?d1id=6&dirId=60202&docId=444681611&qb=7KCE7IS47IKs6riw&enc=utf8§ion=kin.qna_ency&rank=36&search_sort=0&spq=0
36,전세사기 대응법 문의 드립니다.,https://kin.naver.com/qna/detail.naver?d1id=6&dirId=60202&docId=473659043&qb=7KCE7IS47IKs6riw&enc=utf8§ion=kin.qna_ency&rank=37&search_sort=0&spq=0
37,부산전세사기변호사 보증금 지키고 싶어요,https://kin.naver.com/qna/detail.naver?d1id=6&dirId=60221&docId=469364309&qb=7KCE7IS47IKs6riw&enc=utf8§ion=kin.qna_ency&rank=38&search_sort=0&spq=0
38,전세사기 형사소송 관련하여,https://kin.naver.com/qna/detail.naver?d1id=6&dirId=60211&docId=473553168&qb=7KCE7IS47IKs6riw&enc=utf8§ion=kin.qna_ency&rank=39&search_sort=0&spq=0
39,전세사기 임차권등기명령 신청 가능한가요?,https://kin.naver.com/qna/detail.naver?d1id=6&dirId=60223&docId=474579508&qb=7KCE7IS47IKs6riw&enc=utf8§ion=kin.qna_ency&rank=40&search_sort=0&spq=0
40,용인전세사기 변호사 선임 필요할까요?,https://kin.naver.com/qna/detail.naver?d1id=6&dirId=60221&docId=460287744&qb=7KCE7IS47IKs6riw&enc=utf8§ion=kin.qna_ency&rank=41&search_sort=0&spq=0
41,전세사기피해자등 질문 합니다,https://kin.naver.com/qna/detail.naver?d1id=6&dirId=60224&docId=474988868&qb=7KCE7IS47IKs6riw&enc=utf8§ion=kin.qna_ency&rank=42&search_sort=0&spq=0
42,"깡통전세사기로 인한 경매절차, 제가... ",https://kin.naver.com/qna/detail.naver?d1id=6&dirId=60202&docId=474463268&qb=7KCE7IS47IKs6riw&enc=utf8§ion=kin.qna_ency&rank=43&search_sort=0&spq=0
43,전세사기피해 특별법에 영향을 받나요 ?,https://kin.naver.com/qna/detail.naver?d1id=6&dirId=60202&docId=474548409&qb=7KCE7IS47IKs6riw&enc=utf8§ion=kin.qna_ency&rank=44&search_sort=0&spq=0
44,신탁전세사기 질문드립니다.,https://kin.naver.com/qna/detail.naver?d1id=6&dirId=60202&docId=466020216&qb=7KCE7IS47IKs6riw&enc=utf8§ion=kin.qna_ency&rank=45&search_sort=0&spq=0
45,전세사기 특별법 저도 구제받을 수 있나요?,https://kin.naver.com/qna/detail.naver?d1id=6&dirId=60223&docId=474593752&qb=7KCE7IS47IKs6riw&enc=utf8§ion=kin.qna_ency&rank=46&search_sort=0&spq=0
46,동탄개인회생 전세사기 당하신분들... ,https://kin.naver.com/qna/detail.naver?d1id=6&dirId=60203&docId=461160000&qb=7KCE7IS47IKs6riw&enc=utf8§ion=kin.qna_ency&rank=47&search_sort=0&spq=0
47,대전전세사기변호사 알아보려 합니다,https://kin.naver.com/qna/detail.naver?d1id=6&dirId=60202&docId=465854217&qb=7KCE7IS47IKs6riw&enc=utf8§ion=kin.qna_ency&rank=48&search_sort=0&spq=0
48,부산전세사기피해자인데요..,https://kin.naver.com/qna/detail.naver?d1id=6&dirId=60202&docId=466140605&qb=7KCE7IS47IKs6riw&enc=utf8§ion=kin.qna_ency&rank=49&search_sort=0&spq=0
49,전세사기피해자 조건,https://kin.naver.com/qna/detail.naver?d1id=6&dirId=60211&docId=472380361&qb=7KCE7IS47IKs6riw&enc=utf8§ion=kin.qna_ency&rank=50&search_sort=0&spq=0
50,월세사는데 전세사기 고소장,https://kin.naver.com/qna/detail.naver?d1id=6&dirId=60202&docId=449562831&qb=7KCE7IS47IKs6riw&enc=utf8§ion=kin.qna_ency&rank=51&search_sort=0&spq=0
51,전세사기 질문드려요.,https://kin.naver.com/qna/detail.naver?d1id=6&dirId=60202&docId=474937718&qb=7KCE7IS47IKs6riw&enc=utf8§ion=kin.qna_ency&rank=52&search_sort=0&spq=0
52,전세사기 고소장 작성 방법,https://kin.naver.com/qna/detail.naver?d1id=6&dirId=60212&docId=472474517&qb=7KCE7IS47IKs6riw&enc=utf8§ion=kin.qna_ency&rank=53&search_sort=0&spq=0
53,부산전세사기 단체 소송건으로 문의... ,https://kin.naver.com/qna/detail.naver?d1id=6&dirId=60221&docId=454689202&qb=7KCE7IS47IKs6riw&enc=utf8§ion=kin.qna_ency&rank=54&search_sort=0&spq=0
54,안산에서 전세사기 당했습니다,https://kin.naver.com/qna/detail.naver?d1id=6&dirId=60220&docId=473510437&qb=7KCE7IS47IKs6riw&enc=utf8§ion=kin.qna_ency&rank=55&search_sort=0&spq=0
55,청주 전세사기 고소장,https://kin.naver.com/qna/detail.naver?d1id=6&dirId=60202&docId=469030205&qb=7KCE7IS47IKs6riw&enc=utf8§ion=kin.qna_ency&rank=56&search_sort=0&spq=0
56,전세사기 전세계약중도해지 전세보증보험,https://kin.naver.com/qna/detail.naver?d1id=6&dirId=60202&docId=474981047&qb=7KCE7IS47IKs6riw&enc=utf8§ion=kin.qna_ency&rank=57&search_sort=0&spq=0
57,세종전세사기 변호사 상담 필요해요.,https://kin.naver.com/qna/detail.naver?d1id=6&dirId=60211&docId=460179016&qb=7KCE7IS47IKs6riw&enc=utf8§ion=kin.qna_ency&rank=58&search_sort=0&spq=0
58,오피스텔 울산전세사기 피해자입니다,https://kin.naver.com/qna/detail.naver?d1id=6&dirId=60221&docId=455092981&qb=7KCE7IS47IKs6riw&enc=utf8§ion=kin.qna_ency&rank=59&search_sort=0&spq=0
59,세종전세사기변호사 추천 부탁드려요,https://kin.naver.com/qna/detail.naver?d1id=6&dirId=60211&docId=465136868&qb=7KCE7IS47IKs6riw&enc=utf8§ion=kin.qna_ency&rank=60&search_sort=0&spq=0
60,전주 전세사기,https://kin.naver.com/qna/detail.naver?d1id=4&dirId=4020201&docId=473076629&qb=7KCE7IS47IKs6riw&enc=utf8§ion=kin.qna_ency&rank=61&search_sort=0&spq=0
61,전세사기피해결정 신청,https://kin.naver.com/qna/detail.naver?d1id=6&dirId=60202&docId=473930567&qb=7KCE7IS47IKs6riw&enc=utf8§ion=kin.qna_ency&rank=62&search_sort=0&spq=0
62,계약한 아파텔도 전세사기 가능한가요?,https://kin.naver.com/qna/detail.naver?d1id=4&dirId=4020201&docId=474472826&qb=7KCE7IS47IKs6riw&enc=utf8§ion=kin.qna_ency&rank=63&search_sort=0&spq=0
63,임대사업자 빌라도 전세사기당할수있나요?,https://kin.naver.com/qna/detail.naver?d1id=4&dirId=4020201&docId=452781389&qb=7KCE7IS47IKs6riw&enc=utf8§ion=kin.qna_ency&rank=64&search_sort=0&spq=0
64,전세사기 피해관련,https://kin.naver.com/qna/detail.naver?d1id=6&dirId=60212&docId=474448542&qb=7KCE7IS47IKs6riw&enc=utf8§ion=kin.qna_ency&rank=65&search_sort=0&spq=0
65,중기청 전세사기,https://kin.naver.com/qna/detail.naver?d1id=4&dirId=4020201&docId=474500624&qb=7KCE7IS47IKs6riw&enc=utf8§ion=kin.qna_ency&rank=66&search_sort=0&spq=0
66,대전 전세사기,https://kin.naver.com/qna/detail.naver?d1id=4&dirId=4020201&docId=456893714&qb=7KCE7IS47IKs6riw&enc=utf8§ion=kin.qna_ency&rank=67&search_sort=0&spq=0
67,전세사기 경매 관련 질문,https://kin.naver.com/qna/detail.naver?d1id=6&dirId=60212&docId=471868768&qb=7KCE7IS47IKs6riw&enc=utf8§ion=kin.qna_ency&rank=68&search_sort=0&spq=0
68,전세사기 형사합의금 적정금액 얼마가... ,https://kin.naver.com/qna/detail.naver?d1id=6&dirId=60211&docId=475033417&qb=7KCE7IS47IKs6riw&enc=utf8§ion=kin.qna_ency&rank=69&search_sort=0&spq=0
69,중기청 전세사기 피해자 관련 질물입니다.,https://kin.naver.com/qna/detail.naver?d1id=6&dirId=602060402&docId=472252062&qb=7KCE7IS47IKs6riw&enc=utf8§ion=kin.qna_ency&rank=70&search_sort=0&spq=0
70,전세사기피해자입니다,https://kin.naver.com/qna/detail.naver?d1id=6&dirId=60211&docId=474307906&qb=7KCE7IS47IKs6riw&enc=utf8§ion=kin.qna_ency&rank=71&search_sort=0&spq=0
71,전주형사변호사 전세사기 전문인 곳 로펌... ,https://kin.naver.com/qna/detail.naver?d1id=6&dirId=6020603&docId=470970793&qb=7KCE7IS47IKs6riw&enc=utf8§ion=kin.qna_ency&rank=72&search_sort=0&spq=0
72,전세사기피해자 관련 지원이나 혜택... ,https://kin.naver.com/qna/detail.naver?d1id=4&dirId=4020201&docId=473704127&qb=7KCE7IS47IKs6riw&enc=utf8§ion=kin.qna_ency&rank=73&search_sort=0&spq=0
73,전세 신탁 등기 사기피해를 입은 것... ,https://kin.naver.com/qna/detail.naver?d1id=6&dirId=6020602&docId=455472815&qb=7KCE7IS47IKs6riw&enc=utf8§ion=kin.qna_ency&rank=74&search_sort=0&spq=0
74,신축빌라전세사기 전문인 수원변호사... ,https://kin.naver.com/qna/detail.naver?d1id=6&dirId=60202&docId=474854487&qb=7KCE7IS47IKs6riw&enc=utf8§ion=kin.qna_ency&rank=75&search_sort=0&spq=0
75,전세사기 피의자 구속 .대리인,https://kin.naver.com/qna/detail.naver?d1id=6&dirId=60211&docId=475211730&qb=7KCE7IS47IKs6riw&enc=utf8§ion=kin.qna_ency&rank=76&search_sort=0&spq=0
76,"전세사기 임대인 임대사업자,중개업자... ",https://kin.naver.com/qna/detail.naver?d1id=6&dirId=60211&docId=475120852&qb=7KCE7IS47IKs6riw&enc=utf8§ion=kin.qna_ency&rank=77&search_sort=0&spq=0
77,신탁등기 전세금 미반환 전세사기... ,https://kin.naver.com/qna/detail.naver?d1id=6&dirId=6020602&docId=453421386&qb=7KCE7IS47IKs6riw&enc=utf8§ion=kin.qna_ency&rank=78&search_sort=0&spq=0
78,전세사기 피해자입니다. 도와주세여 ㅠ,https://kin.naver.com/qna/detail.naver?d1id=6&dirId=60221&docId=475820791&qb=7KCE7IS47IKs6riw&enc=utf8§ion=kin.qna_ency&rank=79&search_sort=0&spq=0
79,전세사기 HUG 전세보증보험 문의,https://kin.naver.com/qna/detail.naver?d1id=4&dirId=4020201&docId=474558216&qb=7KCE7IS47IKs6riw&enc=utf8§ion=kin.qna_ency&rank=80&search_sort=0&spq=0
80,임대사업자면 전세사기 위험 없을까요?,https://kin.naver.com/qna/detail.naver?d1id=4&dirId=4020201&docId=464257284&qb=7KCE7IS47IKs6riw&enc=utf8§ion=kin.qna_ency&rank=81&search_sort=0&spq=0
81,신탁등기 전세사기 공매,https://kin.naver.com/qna/detail.naver?d1id=6&dirId=60223&docId=453986392&qb=7KCE7IS47IKs6riw&enc=utf8§ion=kin.qna_ency&rank=82&search_sort=0&spq=0
82,전세사기 경매 임차권등기설정,https://kin.naver.com/qna/detail.naver?d1id=6&dirId=60223&docId=475168561&qb=7KCE7IS47IKs6riw&enc=utf8§ion=kin.qna_ency&rank=83&search_sort=0&spq=0
83,전세사기 계약서 특약,https://kin.naver.com/qna/detail.naver?d1id=6&dirId=60223&docId=475809810&qb=7KCE7IS47IKs6riw&enc=utf8§ion=kin.qna_ency&rank=84&search_sort=0&spq=0
84,부산부동산변호사 상담(전세사기),https://kin.naver.com/qna/detail.naver?d1id=6&dirId=60221&docId=460008502&qb=7KCE7IS47IKs6riw&enc=utf8§ion=kin.qna_ency&rank=85&search_sort=0&spq=0
85,전세사기 신청 가능 한가요,https://kin.naver.com/qna/detail.naver?d1id=6&dirId=60202&docId=472968854&qb=7KCE7IS47IKs6riw&enc=utf8§ion=kin.qna_ency&rank=86&search_sort=0&spq=0
86,"전세사기, 경매, 회생 질문",https://kin.naver.com/qna/detail.naver?d1id=4&dirId=40204&docId=475688165&qb=7KCE7IS47IKs6riw&enc=utf8§ion=kin.qna_ency&rank=87&search_sort=0&spq=0
87,묵시적계약연장 임차인 전세사기... ,https://kin.naver.com/qna/detail.naver?d1id=4&dirId=4020201&docId=470501212&qb=7KCE7IS47IKs6riw&enc=utf8§ion=kin.qna_ency&rank=88&search_sort=0&spq=0
88,전세사기 보증보험 이사날짜,https://kin.naver.com/qna/detail.naver?d1id=4&dirId=4020201&docId=470822467&qb=7KCE7IS47IKs6riw&enc=utf8§ion=kin.qna_ency&rank=89&search_sort=0&spq=0
89,전세사기 변호사님 답변에 관한... ,https://kin.naver.com/qna/detail.naver?d1id=6&dirId=60211&docId=475280703&qb=7KCE7IS47IKs6riw&enc=utf8§ion=kin.qna_ency&rank=90&search_sort=0&spq=0
90,전세사기 주인놈 찾아가서 독촉해도... ,https://kin.naver.com/qna/detail.naver?d1id=6&dirId=60202&docId=474494838&qb=7KCE7IS47IKs6riw&enc=utf8§ion=kin.qna_ency&rank=91&search_sort=0&spq=0
91,전세사기 대응 어떻게해야할까요?,https://kin.naver.com/qna/detail.naver?d1id=6&dirId=60224&docId=473830261&qb=7KCE7IS47IKs6riw&enc=utf8§ion=kin.qna_ency&rank=92&search_sort=0&spq=0
92,"전세사기피해 관련 (경매, 절차 등)",https://kin.naver.com/qna/detail.naver?d1id=4&dirId=40204&docId=475541023&qb=7KCE7IS47IKs6riw&enc=utf8§ion=kin.qna_ency&rank=93&search_sort=0&spq=0
93,전세사기 특별법 재신청,https://kin.naver.com/qna/detail.naver?d1id=4&dirId=4020201&docId=472505698&qb=7KCE7IS47IKs6riw&enc=utf8§ion=kin.qna_ency&rank=94&search_sort=0&spq=0
94,강남부동산전문변호사 계시면 전세사기... ,https://kin.naver.com/qna/detail.naver?d1id=6&dirId=60202&docId=474670152&qb=7KCE7IS47IKs6riw&enc=utf8§ion=kin.qna_ency&rank=95&search_sort=0&spq=0
95,전세사기_배상명령 신청서 작성 문의,https://kin.naver.com/qna/detail.naver?d1id=6&dirId=60211&docId=475294332&qb=7KCE7IS47IKs6riw&enc=utf8§ion=kin.qna_ency&rank=96&search_sort=0&spq=0
96,전세반환대출 이거 사기인가요?,https://kin.naver.com/qna/detail.naver?d1id=6&dirId=60202&docId=470345261&qb=7KCE7IS47IKs6riw&enc=utf8§ion=kin.qna_ency&rank=97&search_sort=0&spq=0
97,전세사기피해자결정 후 개인회생,https://kin.naver.com/qna/detail.naver?d1id=6&dirId=60203&docId=472699453&qb=7KCE7IS47IKs6riw&enc=utf8§ion=kin.qna_ency&rank=98&search_sort=0&spq=0
98,전세사기 피해 질문 (전입신고&확정일자X),https://kin.naver.com/qna/detail.naver?d1id=6&dirId=60202&docId=473555913&qb=7KCE7IS47IKs6riw&enc=utf8§ion=kin.qna_ency&rank=99&search_sort=0&spq=0
99,남양주 전세사기 소송하려면 어디로... ,https://kin.naver.com/qna/detail.naver?d1id=6&dirId=60206&docId=474286078&qb=7KCE7IS47IKs6riw&enc=utf8§ion=kin.qna_ency&rank=100&search_sort=0&spq=0
